{"stats":{"minecraft:crafted":{"minecraft:oak_planks":108,"minecraft:crafting_table":1,"minecraft:stick":8,"minecraft:wooden_axe":1},"minecraft:used":{"minecraft:wooden_axe":16,"ojs_rpg_origins:sapphire_staff":3,"minecraft:wooden_sword":8,"minecraft:written_book":3,"minecraft:crafting_table":1,"minecraft:oak_sapling":5,"minecraft:bread":3},"minecraft:mined":{"minecraft:grass":1,"minecraft:oak_log":1,"minecraft:packed_ice":1,"minecraft:fire":4,"treechop:chopped_log":4,"hybrid-aquatic:message_in_a_bottle":1},"minecraft:custom":{"minecraft:time_since_rest":23902,"minecraft:crouch_one_cm":476,"minecraft:sprint_one_cm":11820,"minecraft:play_time":32200,"minecraft:deaths":1,"minecraft:damage_taken":219,"minecraft:walk_one_cm":30366,"minecraft:sneak_time":277,"minecraft:walk_under_water_one_cm":1437,"minecraft:mob_kills":1,"minecraft:jump":117,"minecraft:damage_dealt":240,"minecraft:leave_game":3,"minecraft:walk_on_water_one_cm":1310,"minecraft:time_since_death":23868,"minecraft:total_world_time":32200,"minecraft:hex":0,"minecraft:interact_with_crafting_table":2,"minecraft:fall_one_cm":1240,"minecraft:fly_one_cm":234804},"minecraft:killed":{"bewitchment:ghost":1},"minecraft:picked_up":{"minecraft:birch_log":10,"minecraft:oak_log":27,"minecraft:written_book":1,"minecraft:oak_sapling":5,"twigs:twig":4,"minecraft:birch_sapling":2}},"DataVersion":3465}