{"stats":{"minecraft:mined":{"minecraft:packed_ice":1},"minecraft:custom":{"minecraft:jump":32,"minecraft:time_since_rest":12295,"minecraft:damage_taken":160,"minecraft:leave_game":3,"minecraft:time_since_death":12261,"minecraft:play_time":20593,"minecraft:sprint_one_cm":1150,"minecraft:walk_one_cm":1737,"minecraft:walk_on_water_one_cm":1310,"minecraft:deaths":1,"minecraft:sneak_time":102,"minecraft:total_world_time":20593,"minecraft:walk_under_water_one_cm":1437,"minecraft:hex":0,"minecraft:fall_one_cm":613,"minecraft:fly_one_cm":221958}},"DataVersion":3465}