{"stats":{"minecraft:killed_by":{"livingthings:crab":1,"minecraft:zombie":1},"minecraft:crafted":{"minecraft:oak_planks":108,"minecraft:crafting_table":1,"minecraft:stick":8,"minecraft:wooden_axe":1},"minecraft:used":{"minecraft:wooden_axe":24,"ojs_rpg_origins:sapphire_staff":7,"minecraft:bread":4,"minecraft:oak_planks":3,"minecraft:wooden_sword":30,"minecraft:sand":1,"minecraft:written_book":3,"minecraft:crafting_table":1,"minecraft:oak_sapling":5},"minecraft:mined":{"minecraft:fire":4,"twigs:tangerine_seashell":1,"treechop:chopped_log":4,"hybrid-aquatic:message_in_a_bottle":1,"minecraft:grass":1,"minecraft:oak_log":1,"minecraft:sand":1,"minecraft:packed_ice":1,"minecraft:oak_planks":3},"minecraft:custom":{"minecraft:time_since_rest":9160,"minecraft:sprint_one_cm":19289,"minecraft:damage_taken":620,"minecraft:walk_one_cm":60089,"minecraft:mob_kills":5,"minecraft:damage_dealt":1079,"minecraft:interact_with_crafting_table":2,"minecraft:fly_one_cm":248303,"minecraft:crouch_one_cm":678,"minecraft:play_time":44200,"minecraft:deaths":3,"minecraft:sneak_time":365,"minecraft:walk_under_water_one_cm":1437,"minecraft:jump":231,"minecraft:damage_dealt_resisted":0,"minecraft:leave_game":3,"minecraft:time_since_death":9129,"minecraft:walk_on_water_one_cm":1310,"minecraft:damage_resisted":0,"minecraft:hex":0,"minecraft:total_world_time":44200,"minecraft:fall_one_cm":2215},"minecraft:killed":{"minecraft:zombie":2,"bewitchment:ghost":3},"minecraft:picked_up":{"minecraft:birch_log":10,"minecraft:sand":1,"minecraft:oak_log":27,"minecraft:rotten_flesh":1,"minecraft:written_book":1,"bewitchment:ectoplasm":1,"twigs:twig":4,"minecraft:oak_sapling":5,"minecraft:oak_planks":3,"minecraft:birch_sapling":2,"twigs:tangerine_seashell":1}},"DataVersion":3465}