{
  "spellbladenext:spellblades/root": {
    "criteria": {
      "always": "2024-08-09 00:16:38 +0000"
    },
    "done": true
  },
  "livingthings:recipes/bone_meal": {
    "criteria": {
      "has_tooth": "2024-08-09 00:16:38 +0000"
    },
    "done": true
  },
  "guardiansgalore:blaze_bell": {
    "criteria": {
      "has_gold_ingot": "2024-08-09 00:16:38 +0000"
    },
    "done": true
  },
  "simplyswords:grant_book_on_first_join": {
    "criteria": {
      "tick": "2024-08-09 00:16:38 +0000"
    },
    "done": true
  },
  "mcda:recipes/base_armors/goat_gear_boots": {
    "criteria": {
      "has_leather_boots": "2024-08-09 00:16:38 +0000"
    },
    "done": true
  },
  "minecraft:recipes/decorations/crafting_table": {
    "criteria": {
      "unlock_right_away": "2024-08-09 00:16:38 +0000"
    },
    "done": true
  },
  "livingthings:recipes/cooked_elephant_from_campfire_cooking": {
    "criteria": {
      "has_elephant": "2024-08-09 00:16:38 +0000",
      "has_cooked_elephant": "2024-08-09 00:16:38 +0000"
    },
    "done": true
  },
  "toms_storage:unlock_netherite": {
    "criteria": {
      "inv_changed-netherite": "2024-08-09 00:16:38 +0000"
    },
    "done": true
  },
  "toms_storage:unlock_chest": {
    "criteria": {
      "inv_changed-chest": "2024-08-09 00:16:38 +0000"
    },
    "done": true
  },
  "davespotioneering:recipes/tools/blue_umbrella": {
    "criteria": {
      "has_shield": "2024-08-09 00:16:38 +0000"
    },
    "done": true
  },
  "livingthings:recipes/cooked_giraffe": {
    "criteria": {
      "has_giraffe": "2024-08-09 00:16:38 +0000",
      "has_cooked_giraffe": "2024-08-09 00:16:38 +0000"
    },
    "done": true
  },
  "livingthings:recipes/cooked_ostrich_from_smoking": {
    "criteria": {
      "has_ostrich": "2024-08-09 00:16:38 +0000",
      "has_cooked_ostrich": "2024-08-09 00:16:38 +0000"
    },
    "done": true
  },
  "frostiful:recipes/combat/armor/armored_ice_skates": {
    "criteria": {
      "has_fur_boots": "2024-08-09 00:16:38 +0000"
    },
    "done": true
  },
  "betterdungeons:root": {
    "criteria": {
      "always": "2024-08-09 00:16:38 +0000"
    },
    "done": true
  },
  "meadow:recipes/cheese_bread": {
    "criteria": {
      "has_bread": "2024-08-09 00:16:38 +0000"
    },
    "done": true
  },
  "frostiful:recipes/misc/snowflake_banner_pattern": {
    "criteria": {
      "has_packed_snowball": "2024-08-09 00:16:38 +0000"
    },
    "done": true
  },
  "variantshields:recipes/decorations/shield": {
    "criteria": {
      "has_variant_item": "2024-08-09 00:16:38 +0000"
    },
    "done": true
  },
  "livingthings:recipes/cooked_ostrich_from_campfire_cooking": {
    "criteria": {
      "has_ostrich": "2024-08-09 00:16:38 +0000",
      "has_cooked_ostrich": "2024-08-09 00:16:38 +0000"
    },
    "done": true
  },
  "davespotioneering:recipes/tools/green_umbrella": {
    "criteria": {
      "has_shield": "2024-08-09 00:16:38 +0000"
    },
    "done": true
  },
  "livingthings:recipes/lexicon": {
    "criteria": {
      "has_book": "2024-08-09 00:16:38 +0000"
    },
    "done": true
  },
  "minecraft:clutter/root": {
    "criteria": {
      "requirement": "2024-08-09 00:16:38 +0000"
    },
    "done": true
  },
  "davespotioneering:recipes/tools/yellow_umbrella": {
    "criteria": {
      "has_shield": "2024-08-09 00:16:38 +0000"
    },
    "done": true
  },
  "mcda:recipes/base_armors/scale_mail_boots": {
    "criteria": {
      "has_leather_boots": "2024-08-09 00:16:38 +0000"
    },
    "done": true
  },
  "livingthings:recipes/cooked_elephant": {
    "criteria": {
      "has_elephant": "2024-08-09 00:16:38 +0000",
      "has_cooked_elephant": "2024-08-09 00:16:38 +0000"
    },
    "done": true
  },
  "rpg_classes:root": {
    "criteria": {
      "always": "2024-08-09 00:16:38 +0000"
    },
    "done": true
  },
  "meadow:main/root": {
    "criteria": {
      "seeds": "2024-08-09 00:16:38 +0000"
    },
    "done": true
  },
  "livingthings:recipes/cooked_ostrich": {
    "criteria": {
      "has_ostrich": "2024-08-09 00:16:38 +0000",
      "has_cooked_ostrich": "2024-08-09 00:16:38 +0000"
    },
    "done": true
  },
  "mythicmobs:mythicmobs": {
    "criteria": {
      "tick": "2024-08-09 00:16:38 +0000"
    },
    "done": true
  },
  "frostiful:recipes/combat/armor/fur_padded_chainmail_leggings": {
    "criteria": {
      "has_fur_armor": "2024-08-09 00:16:38 +0000"
    },
    "done": true
  },
  "betterdeserttemples:root": {
    "criteria": {
      "always": "2024-08-09 00:16:38 +0000"
    },
    "done": true
  },
  "soaringstructures2:soaringstart": {
    "criteria": {
      "adv_test": "2024-08-09 00:16:38 +0000"
    },
    "done": true
  },
  "vinery:main/root": {
    "criteria": {
      "seeds": "2024-08-09 00:16:38 +0000"
    },
    "done": true
  },
  "livingthings:recipes/cooked_elephant_from_smoking": {
    "criteria": {
      "has_elephant": "2024-08-09 00:16:38 +0000",
      "has_cooked_elephant": "2024-08-09 00:16:38 +0000"
    },
    "done": true
  },
  "minecraft:recipes/combat/shield": {
    "criteria": {
      "has_the_recipe": "2024-08-09 00:16:38 +0000"
    },
    "done": true
  },
  "davespotioneering:recipes/tools/gray_umbrella": {
    "criteria": {
      "has_shield": "2024-08-09 00:16:38 +0000"
    },
    "done": true
  },
  "livingthings:recipes/cooked_giraffe_from_campfire_cooking": {
    "criteria": {
      "has_giraffe": "2024-08-09 00:16:38 +0000",
      "has_cooked_giraffe": "2024-08-09 00:16:38 +0000"
    },
    "done": true
  },
  "livingthings:recipes/cooked_lion_from_smoking": {
    "criteria": {
      "has_lion": "2024-08-09 00:16:38 +0000",
      "has_cooked_lion": "2024-08-09 00:16:38 +0000"
    },
    "done": true
  },
  "artifality:root": {
    "criteria": {
      "start": "2024-08-09 00:16:38 +0000"
    },
    "done": true
  },
  "mcda:recipes/unique_armors/archers_boots": {
    "criteria": {
      "has_leather_boots": "2024-08-09 00:16:38 +0000"
    },
    "done": true
  },
  "frostiful:recipes/combat/armor/ice_skates": {
    "criteria": {
      "has_fur_boots": "2024-08-09 00:16:38 +0000"
    },
    "done": true
  },
  "guardiansgalore:guardian_block_granite": {
    "criteria": {
      "has_stone": "2024-08-09 00:16:38 +0000"
    },
    "done": true
  },
  "guardiansgalore:guardian_bowls": {
    "criteria": {
      "has_bowl": "2024-08-09 00:16:38 +0000"
    },
    "done": true
  },
  "toms_storage:unlock_dia_pearl": {
    "criteria": {
      "inv_changed-ender_pearl": "2024-08-09 00:16:38 +0000",
      "inv_changed-diamond": "2024-08-09 00:16:38 +0000"
    },
    "done": true
  },
  "guardiansgalore:guardian_block": {
    "criteria": {
      "has_stone": "2024-08-09 00:16:38 +0000"
    },
    "done": true
  },
  "toms_storage:unlock_glowstone": {
    "criteria": {
      "inv_changed-glowstone": "2024-08-09 00:16:38 +0000"
    },
    "done": true
  },
  "livingthings:recipes/cooked_giraffe_from_smoking": {
    "criteria": {
      "has_giraffe": "2024-08-09 00:16:38 +0000",
      "has_cooked_giraffe": "2024-08-09 00:16:38 +0000"
    },
    "done": true
  },
  "davespotioneering:recipes/brewing/compound_brewing_stand": {
    "criteria": {
      "has_shield": "2024-08-09 00:16:38 +0000"
    },
    "done": true
  },
  "davespotioneering:recipes/tools/red_umbrella": {
    "criteria": {
      "has_shield": "2024-08-09 00:16:38 +0000"
    },
    "done": true
  },
  "repurposed_structures:root": {
    "criteria": {
      "always": "2024-08-09 00:16:38 +0000"
    },
    "done": true
  },
  "archon:root": {
    "criteria": {
      "tick": "2024-08-09 00:16:38 +0000"
    },
    "done": true
  },
  "livingthings:recipes/cooked_lion_from_campfire_cooking": {
    "criteria": {
      "has_lion": "2024-08-09 00:16:38 +0000",
      "has_cooked_lion": "2024-08-09 00:16:38 +0000"
    },
    "done": true
  },
  "davespotioneering:recipes/tools/gilded_umbrella": {
    "criteria": {
      "has_shield": "2024-08-09 00:16:38 +0000"
    },
    "done": true
  },
  "livingthings:recipes/cooked_lion": {
    "criteria": {
      "has_lion": "2024-08-09 00:16:38 +0000",
      "has_cooked_lion": "2024-08-09 00:16:38 +0000"
    },
    "done": true
  },
  "livingthings:recipes/cooked_crab_from_campfire_cooking": {
    "criteria": {
      "has_crab": "2024-08-09 00:16:38 +0000",
      "has_cooked_crab": "2024-08-09 00:16:38 +0000"
    },
    "done": true
  },
  "davespotioneering:recipes/tools/white_umbrella": {
    "criteria": {
      "has_shield": "2024-08-09 00:16:38 +0000"
    },
    "done": true
  },
  "bakery:main/root": {
    "criteria": {
      "seeds": "2024-08-09 00:16:38 +0000"
    },
    "done": true
  },
  "mcda:recipes/base_armors/climbing_gear_boots": {
    "criteria": {
      "has_leather_boots": "2024-08-09 00:16:38 +0000"
    },
    "done": true
  },
  "davespotioneering:recipes/tools/cyan_umbrella": {
    "criteria": {
      "has_shield": "2024-08-09 00:16:38 +0000"
    },
    "done": true
  },
  "livingthings:recipes/cooked_crab_from_smoking": {
    "criteria": {
      "has_crab": "2024-08-09 00:16:38 +0000",
      "has_cooked_crab": "2024-08-09 00:16:38 +0000"
    },
    "done": true
  },
  "davespotioneering:recipes/tools/light_blue_umbrella": {
    "criteria": {
      "has_shield": "2024-08-09 00:16:38 +0000"
    },
    "done": true
  },
  "more_rpg_content:root": {
    "criteria": {
      "always": "2024-08-09 00:16:38 +0000"
    },
    "done": true
  },
  "guardiansgalore:guardian_block_sandstone": {
    "criteria": {
      "has_stone": "2024-08-09 00:16:38 +0000"
    },
    "done": true
  },
  "davespotioneering:recipes/tools/orange_umbrella": {
    "criteria": {
      "has_shield": "2024-08-09 00:16:38 +0000"
    },
    "done": true
  },
  "davespotioneering:recipes/tools/magenta_umbrella": {
    "criteria": {
      "has_shield": "2024-08-09 00:16:38 +0000"
    },
    "done": true
  },
  "livingthings:recipes/cooked_crab": {
    "criteria": {
      "has_crab": "2024-08-09 00:16:38 +0000",
      "has_cooked_crab": "2024-08-09 00:16:38 +0000"
    },
    "done": true
  },
  "bakery:recipes/sandwich": {
    "criteria": {
      "has_bread": "2024-08-09 00:16:38 +0000"
    },
    "done": true
  },
  "guardiansgalore:guardian_block_diorite": {
    "criteria": {
      "has_stone": "2024-08-09 00:16:38 +0000"
    },
    "done": true
  },
  "frostiful:recipes/combat/armor/fur_padded_chainmail_helmet": {
    "criteria": {
      "has_fur_armor": "2024-08-09 00:16:38 +0000"
    },
    "done": true
  },
  "davespotioneering:recipes/tools/lime_umbrella": {
    "criteria": {
      "has_shield": "2024-08-09 00:16:38 +0000"
    },
    "done": true
  },
  "lootr:root": {
    "criteria": {
      "always_true": "2024-08-09 00:16:38 +0000"
    },
    "done": true
  },
  "livingthings:recipes/arrow": {
    "criteria": {
      "has_feather": "2024-08-09 00:16:38 +0000",
      "has_tooth": "2024-08-09 00:16:38 +0000"
    },
    "done": true
  },
  "davespotioneering:recipes/tools/light_gray_umbrella": {
    "criteria": {
      "has_shield": "2024-08-09 00:16:38 +0000"
    },
    "done": true
  },
  "davespotioneering:recipes/tools/black_umbrella": {
    "criteria": {
      "has_shield": "2024-08-09 00:16:38 +0000"
    },
    "done": true
  },
  "mcda:recipes/base_armors/squid_armor_boots": {
    "criteria": {
      "has_leather_boots": "2024-08-09 00:16:38 +0000"
    },
    "done": true
  },
  "farmersdelight:main/root": {
    "criteria": {
      "seeds": "2024-08-09 00:16:38 +0000"
    },
    "done": true
  },
  "frostiful:recipes/combat/armor/fur_padded_chainmail_chestplate": {
    "criteria": {
      "has_fur_armor": "2024-08-09 00:16:38 +0000"
    },
    "done": true
  },
  "davespotioneering:recipes/tools/purple_umbrella": {
    "criteria": {
      "has_shield": "2024-08-09 00:16:38 +0000"
    },
    "done": true
  },
  "frostiful:recipes/combat/armor/fur_padded_chainmail_boots": {
    "criteria": {
      "has_fur_armor": "2024-08-09 00:16:38 +0000"
    },
    "done": true
  },
  "davespotioneering:recipes/tools/brown_umbrella": {
    "criteria": {
      "has_shield": "2024-08-09 00:16:38 +0000"
    },
    "done": true
  },
  "immersive_armors:recipes/misc/warrior": {
    "criteria": {
      "has_item": "2024-08-09 00:16:38 +0000"
    },
    "done": true
  },
  "davespotioneering:recipes/tools/aged_umbrella": {
    "criteria": {
      "has_shield": "2024-08-09 00:16:38 +0000"
    },
    "done": true
  },
  "davespotioneering:recipes/tools/pink_umbrella": {
    "criteria": {
      "has_shield": "2024-08-09 00:16:38 +0000"
    },
    "done": true
  },
  "besmirchment:demonic_deed": {
    "criteria": {
      "has_item": "2024-08-09 00:16:38 +0000"
    },
    "done": true
  },
  "mcda:recipes/base_armors/guards_armor_boots": {
    "criteria": {
      "has_leather_boots": "2024-08-09 00:16:38 +0000"
    },
    "done": true
  },
  "betternether:root": {
    "criteria": {
      "welcome": "2024-08-09 00:16:39 +0000"
    },
    "done": true
  },
  "betterend:root": {
    "criteria": {
      "welcome": "2024-08-09 00:16:39 +0000"
    },
    "done": true
  },
  "regions_unexplored:parent": {
    "criteria": {
      "load_in_world": "2024-08-09 00:16:39 +0000"
    },
    "done": true
  },
  "minecraft:adventure/adventuring_time": {
    "criteria": {
      "minecraft:beach": "2024-08-09 00:16:39 +0000"
    },
    "done": false
  },
  "DataVersion": 3465
}